sample_id,wbc,hb,plt,neut_abs,lymph_abs,crp,ldh,analyzer_flag,review_outcome
A001,6.2,13.5,244,3.4,2.1,2.1,182,0,0
A002,12.8,11.2,318,8.7,2.9,38.0,310,1,1
A003,4.9,14.1,226,2.7,1.7,1.4,176,0,0
A004,31.4,9.1,104,19.8,7.2,86.0,522,1,1
A005,7.1,12.8,198,4.1,2.2,4.5,205,0,0
A006,2.0,10.6,121,0.8,0.9,18.0,274,1,1
A007,5.8,13.9,266,3.2,1.9,1.0,169,0,0
A008,18.2,10.9,402,11.6,4.8,64.0,395,1,1
A009,8.4,12.7,284,5.4,2.1,6.2,218,0,0
A010,42.1,8.6,88,14.0,22.5,102.0,701,1,1
A011,6.7,14.4,231,3.8,2.0,1.8,184,0,0
A012,10.9,11.6,332,7.0,2.7,27.0,288,0,0
A013,3.1,9.8,155,1.4,1.1,12.0,250,1,1
A014,7.9,13.2,248,4.7,2.4,3.4,192,0,0
A015,15.6,10.8,365,9.8,4.0,54.0,341,1,1
A016,5.5,14.0,217,3.1,1.8,0.8,165,0,0
A017,9.2,12.1,299,5.7,2.6,8.0,223,0,0
A018,26.8,9.4,112,16.2,6.8,77.0,468,1,1
A019,4.6,13.6,205,2.5,1.6,2.5,181,0,0
A020,11.4,11.8,278,7.5,2.6,22.0,269,0,0
A021,6.0,13.1,239,3.5,1.9,3.0,190,0,0
A022,20.2,10.1,176,12.8,5.2,69.0,412,1,1
A023,7.4,12.9,252,4.2,2.3,4.1,201,0,0
A024,2.5,10.4,138,1.0,1.0,15.0,261,1,1
A025,5.2,14.3,229,2.9,1.7,1.2,172,0,0
A026,13.7,11.0,344,8.9,3.5,41.0,326,1,1
A027,8.1,12.5,287,5.0,2.4,7.5,214,0,0
A028,36.5,8.9,97,21.1,10.3,94.0,588,1,1
A029,6.9,13.7,241,3.9,2.1,2.0,186,0,0
A030,9.8,12.0,308,6.1,2.7,11.0,236,0,0
A031,4.8,13.4,213,2.6,1.7,1.5,178,0,0
A032,17.5,10.7,389,11.2,4.5,58.0,372,1,1
A033,7.2,13.0,259,4.1,2.2,3.7,199,0,0
A034,3.7,10.2,149,1.7,1.4,13.0,247,1,1
A035,5.9,14.2,235,3.3,1.8,1.1,170,0,0
A036,14.9,11.3,351,9.5,3.8,46.0,335,1,1
A037,8.6,12.4,291,5.3,2.5,8.5,220,0,0
A038,29.7,9.3,118,18.6,7.5,82.0,495,1,1
A039,6.4,13.8,247,3.7,2.0,2.2,188,0,0
A040,10.1,11.9,315,6.5,2.8,16.0,252,0,0
